<configs>
	<append xpath="/items">





<item name="foodBaconEggsHashbrownsToast">
	<property name="Tags" value="food"/>
	<property name="HoldType" value="31"/>
	<property name="DisplayType" value="food"/>
	<property name="CustomIcon" value="foodBaconEggsHashbrownsToast"/> 
	<property name="Meshfile" value="#Other/Items?Misc/parcelPrefab.prefab"/>
	<property name="DropMeshfile" value="#Other/Items?Misc/sack_droppedPrefab.prefab"/>
	<property name="Material" value="Morganic"/>
	<property name="Stacknumber" value="10"/> <!-- STK food -->
	<property name="EconomicValue" value="16"/>
	<!-- <property name="UnlockedBy" value="perkMasterChef"/> -->
	<property class="Action0">
		<property name="Class" value="Eat"/>
		<property name="Delay" value="1.0"/>
		<property name="Use_time" value="..."/>
		<property name="Sound_start" value="player_eating"/>
		<property name="Create_item" value="foodCrumbs"/>
	</property>
	<property name="Group" value="Food/Cooking,CFFood/Cooking"/>

	<effect_group tiered="false">
		<triggered_effect trigger="onSelfPrimaryActionEnd" action="ModifyCVar" cvar="$foodAmountAdd" operation="add" value="45"/>
		<triggered_effect trigger="onSelfPrimaryActionEnd" action="ModifyCVar" cvar="foodHealthAmount" operation="add" value="25"/>
		<triggered_effect trigger="onSelfPrimaryActionEnd" action="AddBuff" buff="buffProcessConsumables"/>

		<triggered_effect trigger="onSelfPrimaryActionEnd" action="ModifyCVar" cvar=".DiseaseRoll" operation="set" value="4"/><display_value name="dFoodPoisoningRisk" value=".04"/> <!-- FP cooked -->
		<triggered_effect trigger="onSelfPrimaryActionEnd" action="ModifyCVar" cvar=".DiseaseRoll" operation="add" value="@$MetabolismResist"/>
		<triggered_effect trigger="onSelfPrimaryActionEnd" action="AddBuff" buff="buffIllFoodPoisoning01">
			<requirement name="RandomRoll" seed_type="Random" min_max="1,100" operation="LTE" value="@.DiseaseRoll"/>
		</triggered_effect>
	</effect_group>
</item>


<item name="foodCrumbs">
	<property name="Tags" value="food"/>
	<property name="HoldType" value="31"/>
	<property name="DisplayType" value="food"/>
	<property name="CustomIcon" value="foodCrumbs"/> 
	<property name="Meshfile" value="#Other/Items?Misc/parcelPrefab.prefab"/>
	<property name="DropMeshfile" value="#Other/Items?Misc/sack_droppedPrefab.prefab"/>
	<property name="Material" value="Morganic"/>
	<property name="Stacknumber" value="10"/> <!-- STK food -->
	<property name="EconomicValue" value="16"/>
	<!-- <property name="UnlockedBy" value="perkMasterChef"/> -->
	<property class="Action0">
		<property name="Class" value="Eat"/>
		<property name="Delay" value="1.0"/>
		<property name="Use_time" value="..."/>
		<property name="Sound_start" value="player_eating"/>
		<!-- <property name="Create_item" value="foodCrumbs"/> -->
	</property>
	<property name="Group" value="Food/Cooking,CFFood/Cooking"/>

	<effect_group tiered="false">
		<triggered_effect trigger="onSelfPrimaryActionEnd" action="ModifyCVar" cvar="$foodAmountAdd" operation="add" value="1"/>
		<triggered_effect trigger="onSelfPrimaryActionEnd" action="ModifyCVar" cvar="foodHealthAmount" operation="add" value="1"/>
		<triggered_effect trigger="onSelfPrimaryActionEnd" action="AddBuff" buff="buffProcessConsumables"/>

		<triggered_effect trigger="onSelfPrimaryActionEnd" action="ModifyCVar" cvar=".DiseaseRoll" operation="set" value="4"/><display_value name="dFoodPoisoningRisk" value=".05"/> <!-- FP cooked -->
		<triggered_effect trigger="onSelfPrimaryActionEnd" action="ModifyCVar" cvar=".DiseaseRoll" operation="add" value="@$MetabolismResist"/>
		<triggered_effect trigger="onSelfPrimaryActionEnd" action="AddBuff" buff="buffIllFoodPoisoning01">
			<requirement name="RandomRoll" seed_type="Random" min_max="1,100" operation="LTE" value="@.DiseaseRoll"/>
		</triggered_effect>
	</effect_group>
</item>


<item name="foodSlicesOfBacon">
	<property name="Tags" value="food"/>
	<property name="HoldType" value="31"/>
	<property name="DisplayType" value="foodWater"/>
	<property name="CustomIcon" value="foodSlicesOfBacon"/> 
	<property name="Meshfile" value="#Other/Items?Misc/parcelPrefab.prefab"/>
	<property name="DropMeshfile" value="#Other/Items?Misc/sack_droppedPrefab.prefab"/>
	<property name="Material" value="Morganic"/>
	<property name="Stacknumber" value="10"/> <!-- STK food -->
	<property name="EconomicValue" value="134"/>
	<!-- <property name="UnlockedBy" value="perkMasterChef"/> -->
	<property class="Action0">
		<property name="Class" value="Eat"/>
		<property name="Delay" value="1.0"/>
		<property name="Use_time" value="..."/>
		<property name="Sound_start" value="player_eating"/>
		<!-- jar from cooking food <property name="Create_item" value="drinkJarEmpty"/> -->
	</property>
	<property name="Group" value="Food/Cooking,CFFood/Cooking"/>

	<effect_group tiered="false">
		<triggered_effect trigger="onSelfPrimaryActionEnd" action="ModifyCVar" cvar="$foodAmountAdd" operation="add" value="10"/>
		<triggered_effect trigger="onSelfPrimaryActionEnd" action="ModifyCVar" cvar="foodHealthAmount" operation="add" value="15"/>
		<triggered_effect trigger="onSelfPrimaryActionEnd" action="AddBuff" buff="buffProcessConsumables"/>

		<triggered_effect trigger="onSelfPrimaryActionEnd" action="ModifyCVar" cvar=".DiseaseRoll" operation="set" value="4"/><display_value name="dFoodPoisoningRisk" value=".04"/> <!-- FP cooked -->
		<triggered_effect trigger="onSelfPrimaryActionEnd" action="ModifyCVar" cvar=".DiseaseRoll" operation="add" value="@$MetabolismResist"/>
		<triggered_effect trigger="onSelfPrimaryActionEnd" action="AddBuff" buff="buffIllFoodPoisoning01">
			<requirement name="RandomRoll" seed_type="Random" min_max="1,100" operation="LTE" value="@.DiseaseRoll"/>
		</triggered_effect>
	</effect_group>
</item>

<item name="foodScrambledEggs">
	<property name="Tags" value="food"/>
	<property name="HoldType" value="31"/>
	<property name="DisplayType" value="foodWater"/>
	<property name="CustomIcon" value="foodScrambledEggs"/> 
	<property name="Meshfile" value="#Other/Items?Misc/parcelPrefab.prefab"/>
	<property name="DropMeshfile" value="#Other/Items?Misc/sack_droppedPrefab.prefab"/>
	<property name="Material" value="Morganic"/>
	<property name="Stacknumber" value="10"/> <!-- STK food -->
	<property name="EconomicValue" value="134"/>
	<!-- <property name="UnlockedBy" value="perkMasterChef"/> -->
	<property class="Action0">
		<property name="Class" value="Eat"/>
		<property name="Delay" value="1.0"/>
		<property name="Use_time" value="..."/>
		<property name="Sound_start" value="player_eating"/>
		<!-- jar from cooking food <property name="Create_item" value="drinkJarEmpty"/> -->
	</property>
	<property name="Group" value="Food/Cooking,CFFood/Cooking"/>

	<effect_group tiered="false">
		<triggered_effect trigger="onSelfPrimaryActionEnd" action="ModifyCVar" cvar="$foodAmountAdd" operation="add" value="8"/>
		<triggered_effect trigger="onSelfPrimaryActionEnd" action="ModifyCVar" cvar="foodHealthAmount" operation="add" value="12"/>
		<triggered_effect trigger="onSelfPrimaryActionEnd" action="AddBuff" buff="buffProcessConsumables"/>

		<triggered_effect trigger="onSelfPrimaryActionEnd" action="ModifyCVar" cvar=".DiseaseRoll" operation="set" value="4"/><display_value name="dFoodPoisoningRisk" value=".04"/> <!-- FP cooked -->
		<triggered_effect trigger="onSelfPrimaryActionEnd" action="ModifyCVar" cvar=".DiseaseRoll" operation="add" value="@$MetabolismResist"/>
		<triggered_effect trigger="onSelfPrimaryActionEnd" action="AddBuff" buff="buffIllFoodPoisoning01">
			<requirement name="RandomRoll" seed_type="Random" min_max="1,100" operation="LTE" value="@.DiseaseRoll"/>
		</triggered_effect>
	</effect_group>
</item>

<item name="foodChickenNuggets">
	<property name="Tags" value="food"/>
	<property name="HoldType" value="31"/>
	<property name="DisplayType" value="foodWater"/>
	<property name="CustomIcon" value="foodChickenNuggets"/> 
	<property name="Meshfile" value="#Other/Items?Misc/parcelPrefab.prefab"/>
	<property name="DropMeshfile" value="#Other/Items?Misc/sack_droppedPrefab.prefab"/>
	<property name="Material" value="Morganic"/>
	<property name="Stacknumber" value="10"/> <!-- STK food -->
	<property name="EconomicValue" value="134"/>
	<!-- <property name="UnlockedBy" value="perkMasterChef"/> -->
	<property class="Action0">
		<property name="Class" value="Eat"/>
		<property name="Delay" value="1.0"/>
		<property name="Use_time" value="..."/>
		<property name="Sound_start" value="player_eating"/>
		<!-- jar from cooking food <property name="Create_item" value="drinkJarEmpty"/> -->
	</property>
	<property name="Group" value="Food/Cooking,CFFood/Cooking"/>

	<effect_group tiered="false">
		<triggered_effect trigger="onSelfPrimaryActionEnd" action="ModifyCVar" cvar="$foodAmountAdd" operation="add" value="12"/>
		<triggered_effect trigger="onSelfPrimaryActionEnd" action="ModifyCVar" cvar="foodHealthAmount" operation="add" value="12"/>
		<triggered_effect trigger="onSelfPrimaryActionEnd" action="AddBuff" buff="buffProcessConsumables"/>

		<triggered_effect trigger="onSelfPrimaryActionEnd" action="ModifyCVar" cvar=".DiseaseRoll" operation="set" value="4"/><display_value name="dFoodPoisoningRisk" value=".04"/> <!-- FP cooked -->
		<triggered_effect trigger="onSelfPrimaryActionEnd" action="ModifyCVar" cvar=".DiseaseRoll" operation="add" value="@$MetabolismResist"/>
		<triggered_effect trigger="onSelfPrimaryActionEnd" action="AddBuff" buff="buffIllFoodPoisoning01">
			<requirement name="RandomRoll" seed_type="Random" min_max="1,100" operation="LTE" value="@.DiseaseRoll"/>
		</triggered_effect>
	</effect_group>
</item>



<item name="foodRoast">
	<property name="Tags" value="food"/>
	<property name="HoldType" value="31"/>
	<property name="DisplayType" value="food"/>
	<property name="CustomIcon" value="foodRoast"/> 
	<property name="Meshfile" value="#Other/Items?Misc/parcelPrefab.prefab"/>
	<property name="DropMeshfile" value="#Other/Items?Misc/sack_droppedPrefab.prefab"/>
	<property name="Material" value="Morganic"/>
	<property name="Stacknumber" value="10"/> <!-- STK food -->
	<property name="EconomicValue" value="16"/>
	<!-- <property name="UnlockedBy" value="perkMasterChef"/> -->
	<property class="Action0">
		<property name="Class" value="Eat"/>
		<property name="Delay" value="1.0"/>
		<property name="Use_time" value="..."/>
		<property name="Sound_start" value="player_eating"/>
		<property name="Create_item" value="foodCrumbs"/>
	</property>
	<property name="Group" value="Food/Cooking,CFFood/Cooking"/>

	<effect_group tiered="false">
		<triggered_effect trigger="onSelfPrimaryActionEnd" action="ModifyCVar" cvar="$foodAmountAdd" operation="add" value="50"/>
		<triggered_effect trigger="onSelfPrimaryActionEnd" action="ModifyCVar" cvar="foodHealthAmount" operation="add" value="40"/>
		<triggered_effect trigger="onSelfPrimaryActionEnd" action="AddBuff" buff="buffProcessConsumables"/>

		<triggered_effect trigger="onSelfPrimaryActionEnd" action="ModifyCVar" cvar=".DiseaseRoll" operation="set" value="4"/><display_value name="dFoodPoisoningRisk" value=".04"/> <!-- FP cooked -->
		<triggered_effect trigger="onSelfPrimaryActionEnd" action="ModifyCVar" cvar=".DiseaseRoll" operation="add" value="@$MetabolismResist"/>
		<triggered_effect trigger="onSelfPrimaryActionEnd" action="AddBuff" buff="buffIllFoodPoisoning01">
			<requirement name="RandomRoll" seed_type="Random" min_max="1,100" operation="LTE" value="@.DiseaseRoll"/>
		</triggered_effect>
	</effect_group>
</item>


<item name="foodSalad">
	<property name="Tags" value="food"/>
	<property name="HoldType" value="31"/>
	<property name="DisplayType" value="food"/>
	<property name="CustomIcon" value="foodSalad"/> 
	<property name="Meshfile" value="#Other/Items?Misc/parcelPrefab.prefab"/>
	<property name="DropMeshfile" value="#Other/Items?Misc/sack_droppedPrefab.prefab"/>
	<property name="Material" value="Morganic"/>
	<property name="Stacknumber" value="10"/> <!-- STK food -->
	<property name="EconomicValue" value="16"/>
	<!-- <property name="UnlockedBy" value="perkMasterChef"/> -->
	<property class="Action0">
		<property name="Class" value="Eat"/>
		<property name="Delay" value="1.0"/>
		<property name="Use_time" value="..."/>
		<property name="Sound_start" value="player_eating"/>
		<!-- <property name="Create_item" value="foodCrumbs"/> -->
	</property>
	<property name="Group" value="Food/Cooking,CFFood/Cooking"/>

	<effect_group tiered="false">
		<triggered_effect trigger="onSelfPrimaryActionEnd" action="ModifyCVar" cvar="$foodAmountAdd" operation="add" value="30"/>
		<triggered_effect trigger="onSelfPrimaryActionEnd" action="ModifyCVar" cvar="foodHealthAmount" operation="add" value="30"/>
		<triggered_effect trigger="onSelfPrimaryActionEnd" action="AddBuff" buff="buffProcessConsumables"/>

		<triggered_effect trigger="onSelfPrimaryActionEnd" action="ModifyCVar" cvar=".DiseaseRoll" operation="set" value="4"/><display_value name="dFoodPoisoningRisk" value=".04"/> <!-- FP cooked -->
		<triggered_effect trigger="onSelfPrimaryActionEnd" action="ModifyCVar" cvar=".DiseaseRoll" operation="add" value="@$MetabolismResist"/>
		<triggered_effect trigger="onSelfPrimaryActionEnd" action="AddBuff" buff="buffIllFoodPoisoning01">
			<requirement name="RandomRoll" seed_type="Random" min_max="1,100" operation="LTE" value="@.DiseaseRoll"/>
		</triggered_effect>
	</effect_group>
</item>

<item name="foodLettuce">
	<property name="Tags" value="food"/>
	<property name="HoldType" value="31"/>
	<property name="DisplayType" value="food"/>
	<property name="CustomIcon" value="foodLettuce"/> 
	<property name="Meshfile" value="#Other/Items?Misc/parcelPrefab.prefab"/>
	<property name="DropMeshfile" value="#Other/Items?Misc/sack_droppedPrefab.prefab"/>
	<property name="Material" value="Morganic"/>
	<property name="Stacknumber" value="10"/> <!-- STK food -->
	<property name="EconomicValue" value="16"/>
	<!-- <property name="UnlockedBy" value="perkMasterChef"/> -->
	<property class="Action0">
		<property name="Class" value="Eat"/>
		<property name="Delay" value="1.0"/>
		<property name="Use_time" value="..."/>
		<property name="Sound_start" value="player_eating"/>
		<!-- <property name="Create_item" value="foodCrumbs"/> -->
	</property>
	<property name="Group" value="Food/Cooking,CFFood/Cooking"/>

	<effect_group tiered="false">
		<triggered_effect trigger="onSelfPrimaryActionEnd" action="ModifyCVar" cvar="$foodAmountAdd" operation="add" value="1"/>
		<triggered_effect trigger="onSelfPrimaryActionEnd" action="ModifyCVar" cvar="foodHealthAmount" operation="add" value="5"/>
		<triggered_effect trigger="onSelfPrimaryActionEnd" action="AddBuff" buff="buffProcessConsumables"/>

		<triggered_effect trigger="onSelfPrimaryActionEnd" action="ModifyCVar" cvar=".DiseaseRoll" operation="set" value="4"/><display_value name="dFoodPoisoningRisk" value=".04"/> <!-- FP cooked -->
		<triggered_effect trigger="onSelfPrimaryActionEnd" action="ModifyCVar" cvar=".DiseaseRoll" operation="add" value="@$MetabolismResist"/>
		<triggered_effect trigger="onSelfPrimaryActionEnd" action="AddBuff" buff="buffIllFoodPoisoning01">
			<requirement name="RandomRoll" seed_type="Random" min_max="1,100" operation="LTE" value="@.DiseaseRoll"/>
		</triggered_effect>
	</effect_group>
</item>

<item name="foodGrits">
	<property name="Tags" value="food"/>
	<property name="HoldType" value="31"/>
	<property name="DisplayType" value="food"/>
	<property name="CustomIcon" value="foodGrits"/> 
	<property name="Meshfile" value="#Other/Items?Misc/parcelPrefab.prefab"/>
	<property name="DropMeshfile" value="#Other/Items?Misc/sack_droppedPrefab.prefab"/>
	<property name="Material" value="Morganic"/>
	<property name="Stacknumber" value="10"/> <!-- STK food -->
	<property name="EconomicValue" value="16"/>
	<!-- <property name="UnlockedBy" value="perkMasterChef"/> -->
	<property class="Action0">
		<property name="Class" value="Eat"/>
		<property name="Delay" value="1.0"/>
		<property name="Use_time" value="..."/>
		<property name="Sound_start" value="player_eating"/>
		<!-- <property name="Create_item" value="foodCrumbs"/> -->
	</property>
	<property name="Group" value="Food/Cooking,CFFood/Cooking"/>

	<effect_group tiered="false">
		<triggered_effect trigger="onSelfPrimaryActionEnd" action="ModifyCVar" cvar="$foodAmountAdd" operation="add" value="15"/>
		<triggered_effect trigger="onSelfPrimaryActionEnd" action="ModifyCVar" cvar="foodHealthAmount" operation="add" value="15"/>
		<triggered_effect trigger="onSelfPrimaryActionEnd" action="AddBuff" buff="buffProcessConsumables"/>

		<triggered_effect trigger="onSelfPrimaryActionEnd" action="ModifyCVar" cvar=".DiseaseRoll" operation="set" value="4"/><display_value name="dFoodPoisoningRisk" value=".04"/> <!-- FP cooked -->
		<triggered_effect trigger="onSelfPrimaryActionEnd" action="ModifyCVar" cvar=".DiseaseRoll" operation="add" value="@$MetabolismResist"/>
		<triggered_effect trigger="onSelfPrimaryActionEnd" action="AddBuff" buff="buffIllFoodPoisoning01">
			<requirement name="RandomRoll" seed_type="Random" min_max="1,100" operation="LTE" value="@.DiseaseRoll"/>
		</triggered_effect>
	</effect_group>
</item>

<item name="foodBratwurst">
	<property name="Tags" value="food"/>
	<property name="HoldType" value="31"/>
	<property name="DisplayType" value="food"/>
	<property name="CustomIcon" value="foodBratwurst"/> 
	<property name="Meshfile" value="#Other/Items?Misc/parcelPrefab.prefab"/>
	<property name="DropMeshfile" value="#Other/Items?Misc/sack_droppedPrefab.prefab"/>
	<property name="Material" value="Morganic"/>
	<property name="Stacknumber" value="10"/> <!-- STK food -->
	<property name="EconomicValue" value="16"/>
	<!-- <property name="UnlockedBy" value="perkMasterChef"/> -->
	<property class="Action0">
		<property name="Class" value="Eat"/>
		<property name="Delay" value="1.0"/>
		<property name="Use_time" value="..."/>
		<property name="Sound_start" value="player_eating"/>
		<!-- <property name="Create_item" value="foodCrumbs"/> -->
	</property>
	<property name="Group" value="Food/Cooking,CFFood/Cooking"/>

	<effect_group tiered="false">
		<triggered_effect trigger="onSelfPrimaryActionEnd" action="ModifyCVar" cvar="$foodAmountAdd" operation="add" value="12"/>
		<triggered_effect trigger="onSelfPrimaryActionEnd" action="ModifyCVar" cvar="foodHealthAmount" operation="add" value="22"/>
		<triggered_effect trigger="onSelfPrimaryActionEnd" action="AddBuff" buff="buffProcessConsumables"/>

		<triggered_effect trigger="onSelfPrimaryActionEnd" action="ModifyCVar" cvar=".DiseaseRoll" operation="set" value="4"/><display_value name="dFoodPoisoningRisk" value=".04"/> <!-- FP cooked -->
		<triggered_effect trigger="onSelfPrimaryActionEnd" action="ModifyCVar" cvar=".DiseaseRoll" operation="add" value="@$MetabolismResist"/>
		<triggered_effect trigger="onSelfPrimaryActionEnd" action="AddBuff" buff="buffIllFoodPoisoning01">
			<requirement name="RandomRoll" seed_type="Random" min_max="1,100" operation="LTE" value="@.DiseaseRoll"/>
		</triggered_effect>
	</effect_group>
</item>

<item name="foodHamburger">
	<property name="Tags" value="food"/>
	<property name="HoldType" value="31"/>
	<property name="DisplayType" value="food"/>
	<property name="CustomIcon" value="foodHamburger"/> 
	<property name="Meshfile" value="#Other/Items?Misc/parcelPrefab.prefab"/>
	<property name="DropMeshfile" value="#Other/Items?Misc/sack_droppedPrefab.prefab"/>
	<property name="Material" value="Morganic"/>
	<property name="Stacknumber" value="10"/> <!-- STK food -->
	<property name="EconomicValue" value="16"/>
	<!-- <property name="UnlockedBy" value="perkMasterChef"/> -->
	<property class="Action0">
		<property name="Class" value="Eat"/>
		<property name="Delay" value="1.0"/>
		<property name="Use_time" value="..."/>
		<property name="Sound_start" value="player_eating"/>
		<!-- <property name="Create_item" value="foodCrumbs"/> -->
	</property>
	<property name="Group" value="Food/Cooking,CFFood/Cooking"/>

	<effect_group tiered="false">
		<triggered_effect trigger="onSelfPrimaryActionEnd" action="ModifyCVar" cvar="$foodAmountAdd" operation="add" value="32"/>
		<triggered_effect trigger="onSelfPrimaryActionEnd" action="ModifyCVar" cvar="foodHealthAmount" operation="add" value="42"/>
		<triggered_effect trigger="onSelfPrimaryActionEnd" action="AddBuff" buff="buffProcessConsumables"/>

		<triggered_effect trigger="onSelfPrimaryActionEnd" action="ModifyCVar" cvar=".DiseaseRoll" operation="set" value="4"/><display_value name="dFoodPoisoningRisk" value=".04"/> <!-- FP cooked -->
		<triggered_effect trigger="onSelfPrimaryActionEnd" action="ModifyCVar" cvar=".DiseaseRoll" operation="add" value="@$MetabolismResist"/>
		<triggered_effect trigger="onSelfPrimaryActionEnd" action="AddBuff" buff="buffIllFoodPoisoning01">
			<requirement name="RandomRoll" seed_type="Random" min_max="1,100" operation="LTE" value="@.DiseaseRoll"/>
		</triggered_effect>
	</effect_group>
</item>

<item name="foodRotisserieChicken">
	<property name="Tags" value="food"/>
	<property name="HoldType" value="31"/>
	<property name="DisplayType" value="food"/>
	<property name="CustomIcon" value="foodRotisserieChicken"/> 
	<property name="Meshfile" value="#Other/Items?Misc/parcelPrefab.prefab"/>
	<property name="DropMeshfile" value="#Other/Items?Misc/sack_droppedPrefab.prefab"/>
	<property name="Material" value="Morganic"/>
	<property name="Stacknumber" value="10"/> <!-- STK food -->
	<property name="EconomicValue" value="16"/>
	<!-- <property name="UnlockedBy" value="perkMasterChef"/> -->
	<property class="Action0">
		<property name="Class" value="Eat"/>
		<property name="Delay" value="1.0"/>
		<property name="Use_time" value="..."/>
		<property name="Sound_start" value="player_eating"/>
		<!-- <property name="Create_item" value="foodCrumbs"/> -->
	</property>
	<property name="Group" value="Food/Cooking,CFFood/Cooking"/>

	<effect_group tiered="false">
		<triggered_effect trigger="onSelfPrimaryActionEnd" action="ModifyCVar" cvar="$foodAmountAdd" operation="add" value="55"/>
		<triggered_effect trigger="onSelfPrimaryActionEnd" action="ModifyCVar" cvar="foodHealthAmount" operation="add" value="50"/>
		<triggered_effect trigger="onSelfPrimaryActionEnd" action="AddBuff" buff="buffProcessConsumables"/>

		<triggered_effect trigger="onSelfPrimaryActionEnd" action="ModifyCVar" cvar=".DiseaseRoll" operation="set" value="4"/><display_value name="dFoodPoisoningRisk" value=".04"/> <!-- FP cooked -->
		<triggered_effect trigger="onSelfPrimaryActionEnd" action="ModifyCVar" cvar=".DiseaseRoll" operation="add" value="@$MetabolismResist"/>
		<triggered_effect trigger="onSelfPrimaryActionEnd" action="AddBuff" buff="buffIllFoodPoisoning01">
			<requirement name="RandomRoll" seed_type="Random" min_max="1,100" operation="LTE" value="@.DiseaseRoll"/>
		</triggered_effect>
	</effect_group>
</item>

<item name="foodTaterTots">
	<property name="Tags" value="food"/>
	<property name="HoldType" value="31"/>
	<property name="DisplayType" value="food"/>
	<property name="CustomIcon" value="foodTaterTots"/> 
	<property name="Meshfile" value="#Other/Items?Misc/parcelPrefab.prefab"/>
	<property name="DropMeshfile" value="#Other/Items?Misc/sack_droppedPrefab.prefab"/>
	<property name="Material" value="Morganic"/>
	<property name="Stacknumber" value="10"/> <!-- STK food -->
	<property name="EconomicValue" value="16"/>
	<!-- <property name="UnlockedBy" value="perkMasterChef"/> -->
	<property class="Action0">
		<property name="Class" value="Eat"/>
		<property name="Delay" value="1.0"/>
		<property name="Use_time" value="..."/>
		<property name="Sound_start" value="player_eating"/>
		<!-- <property name="Create_item" value="foodCrumbs"/> -->
	</property>
	<property name="Group" value="Food/Cooking,CFFood/Cooking"/>

	<effect_group tiered="false">
		<triggered_effect trigger="onSelfPrimaryActionEnd" action="ModifyCVar" cvar="$foodAmountAdd" operation="add" value="5"/>
		<triggered_effect trigger="onSelfPrimaryActionEnd" action="ModifyCVar" cvar="foodHealthAmount" operation="add" value="5"/>
		<triggered_effect trigger="onSelfPrimaryActionEnd" action="AddBuff" buff="buffProcessConsumables"/>

		<triggered_effect trigger="onSelfPrimaryActionEnd" action="ModifyCVar" cvar=".DiseaseRoll" operation="set" value="4"/><display_value name="dFoodPoisoningRisk" value=".04"/> <!-- FP cooked -->
		<triggered_effect trigger="onSelfPrimaryActionEnd" action="ModifyCVar" cvar=".DiseaseRoll" operation="add" value="@$MetabolismResist"/>
		<triggered_effect trigger="onSelfPrimaryActionEnd" action="AddBuff" buff="buffIllFoodPoisoning01">
			<requirement name="RandomRoll" seed_type="Random" min_max="1,100" operation="LTE" value="@.DiseaseRoll"/>
		</triggered_effect>
	</effect_group>
</item>

<item name="foodChickenFriedSteak">
	<property name="Tags" value="food"/>
	<property name="HoldType" value="31"/>
	<property name="DisplayType" value="food"/>
	<property name="CustomIcon" value="foodChickenFriedSteak"/> 
	<property name="Meshfile" value="#Other/Items?Misc/parcelPrefab.prefab"/>
	<property name="DropMeshfile" value="#Other/Items?Misc/sack_droppedPrefab.prefab"/>
	<property name="Material" value="Morganic"/>
	<property name="Stacknumber" value="10"/> <!-- STK food -->
	<property name="EconomicValue" value="16"/>
	<!-- <property name="UnlockedBy" value="perkMasterChef"/> -->
	<property class="Action0">
		<property name="Class" value="Eat"/>
		<property name="Delay" value="1.0"/>
		<property name="Use_time" value="..."/>
		<property name="Sound_start" value="player_eating"/>
		<property name="Create_item" value="foodCrumbs"/>
	</property>
	<property name="Group" value="Food/Cooking,CFFood/Cooking"/>

	<effect_group tiered="false">
		<triggered_effect trigger="onSelfPrimaryActionEnd" action="ModifyCVar" cvar="$foodAmountAdd" operation="add" value="60"/>
		<triggered_effect trigger="onSelfPrimaryActionEnd" action="ModifyCVar" cvar="foodHealthAmount" operation="add" value="60"/>
		<triggered_effect trigger="onSelfPrimaryActionEnd" action="AddBuff" buff="buffProcessConsumables"/>

		<triggered_effect trigger="onSelfPrimaryActionEnd" action="ModifyCVar" cvar=".DiseaseRoll" operation="set" value="4"/><display_value name="dFoodPoisoningRisk" value=".04"/> <!-- FP cooked -->
		<triggered_effect trigger="onSelfPrimaryActionEnd" action="ModifyCVar" cvar=".DiseaseRoll" operation="add" value="@$MetabolismResist"/>
		<triggered_effect trigger="onSelfPrimaryActionEnd" action="AddBuff" buff="buffIllFoodPoisoning01">
			<requirement name="RandomRoll" seed_type="Random" min_max="1,100" operation="LTE" value="@.DiseaseRoll"/>
		</triggered_effect>
	</effect_group>
</item>

<item name="foodBroccoli">
	<property name="Tags" value="food"/>
	<property name="HoldType" value="31"/>
	<property name="DisplayType" value="food"/>
	<property name="CustomIcon" value="foodBroccoli"/> 
	<property name="Meshfile" value="#Other/Items?Misc/parcelPrefab.prefab"/>
	<property name="DropMeshfile" value="#Other/Items?Misc/sack_droppedPrefab.prefab"/>
	<property name="Material" value="Morganic"/>
	<property name="Stacknumber" value="10"/> <!-- STK food -->
	<property name="EconomicValue" value="16"/>
	<!-- <property name="UnlockedBy" value="perkMasterChef"/> -->
	<property class="Action0">
		<property name="Class" value="Eat"/>
		<property name="Delay" value="1.0"/>
		<property name="Use_time" value="..."/>
		<property name="Sound_start" value="player_eating"/>
		<!-- <property name="Create_item" value="foodCrumbs"/> -->
	</property>
	<property name="Group" value="Food/Cooking,CFFood/Cooking"/>

	<effect_group tiered="false">
		<triggered_effect trigger="onSelfPrimaryActionEnd" action="ModifyCVar" cvar="$foodAmountAdd" operation="add" value="1"/>
		<triggered_effect trigger="onSelfPrimaryActionEnd" action="ModifyCVar" cvar="foodHealthAmount" operation="add" value="5"/>
		<triggered_effect trigger="onSelfPrimaryActionEnd" action="AddBuff" buff="buffProcessConsumables"/>

		<triggered_effect trigger="onSelfPrimaryActionEnd" action="ModifyCVar" cvar=".DiseaseRoll" operation="set" value="4"/><display_value name="dFoodPoisoningRisk" value=".04"/> <!-- FP cooked -->
		<triggered_effect trigger="onSelfPrimaryActionEnd" action="ModifyCVar" cvar=".DiseaseRoll" operation="add" value="@$MetabolismResist"/>
		<triggered_effect trigger="onSelfPrimaryActionEnd" action="AddBuff" buff="buffIllFoodPoisoning01">
			<requirement name="RandomRoll" seed_type="Random" min_max="1,100" operation="LTE" value="@.DiseaseRoll"/>
		</triggered_effect>
	</effect_group>
</item>

<item name="foodMashedPotatos">
	<property name="Tags" value="food"/>
	<property name="HoldType" value="31"/>
	<property name="DisplayType" value="food"/>
	<property name="CustomIcon" value="foodMashedPotatos"/> 
	<property name="Meshfile" value="#Other/Items?Misc/parcelPrefab.prefab"/>
	<property name="DropMeshfile" value="#Other/Items?Misc/sack_droppedPrefab.prefab"/>
	<property name="Material" value="Morganic"/>
	<property name="Stacknumber" value="10"/> <!-- STK food -->
	<property name="EconomicValue" value="16"/>
	<!-- <property name="UnlockedBy" value="perkMasterChef"/> -->
	<property class="Action0">
		<property name="Class" value="Eat"/>
		<property name="Delay" value="1.0"/>
		<property name="Use_time" value="..."/>
		<property name="Sound_start" value="player_eating"/>
		<!-- <property name="Create_item" value="foodCrumbs"/> -->
	</property>
	<property name="Group" value="Food/Cooking,CFFood/Cooking"/>

	<effect_group tiered="false">
		<triggered_effect trigger="onSelfPrimaryActionEnd" action="ModifyCVar" cvar="$foodAmountAdd" operation="add" value="10"/>
		<triggered_effect trigger="onSelfPrimaryActionEnd" action="ModifyCVar" cvar="foodHealthAmount" operation="add" value="10"/>
		<triggered_effect trigger="onSelfPrimaryActionEnd" action="AddBuff" buff="buffProcessConsumables"/>

		<triggered_effect trigger="onSelfPrimaryActionEnd" action="ModifyCVar" cvar=".DiseaseRoll" operation="set" value="4"/><display_value name="dFoodPoisoningRisk" value=".04"/> <!-- FP cooked -->
		<triggered_effect trigger="onSelfPrimaryActionEnd" action="ModifyCVar" cvar=".DiseaseRoll" operation="add" value="@$MetabolismResist"/>
		<triggered_effect trigger="onSelfPrimaryActionEnd" action="AddBuff" buff="buffIllFoodPoisoning01">
			<requirement name="RandomRoll" seed_type="Random" min_max="1,100" operation="LTE" value="@.DiseaseRoll"/>
		</triggered_effect>
	</effect_group>
</item>

<item name="foodBhamSandwichMeal">
	<property name="Tags" value="food"/>
	<property name="HoldType" value="31"/>
	<property name="DisplayType" value="food"/>
	<property name="CustomIcon" value="foodBhamSandwichMeal"/> 
	<property name="Meshfile" value="#Other/Items?Misc/parcelPrefab.prefab"/>
	<property name="DropMeshfile" value="#Other/Items?Misc/sack_droppedPrefab.prefab"/>
	<property name="Material" value="Morganic"/>
	<property name="Stacknumber" value="10"/> <!-- STK food -->
	<property name="EconomicValue" value="16"/>
	<!-- <property name="UnlockedBy" value="perkMasterChef"/> -->
	<property class="Action0">
		<property name="Class" value="Eat"/>
		<property name="Delay" value="1.0"/>
		<property name="Use_time" value="..."/>
		<property name="Sound_start" value="player_eating"/>
		<!-- <property name="Create_item" value="foodCrumbs"/> -->
	</property>
	<property name="Group" value="Food/Cooking,CFFood/Cooking"/>

	<effect_group tiered="false">
		<triggered_effect trigger="onSelfPrimaryActionEnd" action="ModifyCVar" cvar="$foodAmountAdd" operation="add" value="15"/>
		<triggered_effect trigger="onSelfPrimaryActionEnd" action="ModifyCVar" cvar="foodHealthAmount" operation="add" value="10"/>
		<triggered_effect trigger="onSelfPrimaryActionEnd" action="AddBuff" buff="buffProcessConsumables"/>

		<triggered_effect trigger="onSelfPrimaryActionEnd" action="ModifyCVar" cvar=".DiseaseRoll" operation="set" value="4"/><display_value name="dFoodPoisoningRisk" value=".04"/> <!-- FP cooked -->
		<triggered_effect trigger="onSelfPrimaryActionEnd" action="ModifyCVar" cvar=".DiseaseRoll" operation="add" value="@$MetabolismResist"/>
		<triggered_effect trigger="onSelfPrimaryActionEnd" action="AddBuff" buff="buffIllFoodPoisoning01">
			<requirement name="RandomRoll" seed_type="Random" min_max="1,100" operation="LTE" value="@.DiseaseRoll"/>
		</triggered_effect>
	</effect_group>
</item>

<item name="foodPotatoChips">
	<property name="Tags" value="food"/>
	<property name="HoldType" value="31"/>
	<property name="DisplayType" value="food"/>
	<property name="CustomIcon" value="foodPotatoChips"/> 
	<property name="Meshfile" value="#Other/Items?Misc/parcelPrefab.prefab"/>
	<property name="DropMeshfile" value="#Other/Items?Misc/sack_droppedPrefab.prefab"/>
	<property name="Material" value="Morganic"/>
	<property name="Stacknumber" value="10"/> <!-- STK food -->
	<property name="EconomicValue" value="16"/>
	<!-- <property name="UnlockedBy" value="perkMasterChef"/> -->
	<property class="Action0">
		<property name="Class" value="Eat"/>
		<property name="Delay" value="1.0"/>
		<property name="Use_time" value="..."/>
		<property name="Sound_start" value="player_eating"/>
		<!-- <property name="Create_item" value="foodCrumbs"/> -->
	</property>
	<property name="Group" value="Food/Cooking,CFFood/Cooking"/>

	<effect_group tiered="false">
		<triggered_effect trigger="onSelfPrimaryActionEnd" action="ModifyCVar" cvar="$foodAmountAdd" operation="add" value="5"/>
		<triggered_effect trigger="onSelfPrimaryActionEnd" action="ModifyCVar" cvar="foodHealthAmount" operation="add" value="5"/>
		<triggered_effect trigger="onSelfPrimaryActionEnd" action="AddBuff" buff="buffProcessConsumables"/>

		<triggered_effect trigger="onSelfPrimaryActionEnd" action="ModifyCVar" cvar=".DiseaseRoll" operation="set" value="4"/><display_value name="dFoodPoisoningRisk" value=".04"/> <!-- FP cooked -->
		<triggered_effect trigger="onSelfPrimaryActionEnd" action="ModifyCVar" cvar=".DiseaseRoll" operation="add" value="@$MetabolismResist"/>
		<triggered_effect trigger="onSelfPrimaryActionEnd" action="AddBuff" buff="buffIllFoodPoisoning01">
			<requirement name="RandomRoll" seed_type="Random" min_max="1,100" operation="LTE" value="@.DiseaseRoll"/>
		</triggered_effect>
	</effect_group>
</item>

<item name="foodBhamSandwich">
	<property name="Tags" value="food"/>
	<property name="HoldType" value="31"/>
	<property name="DisplayType" value="food"/>
	<property name="CustomIcon" value="foodBhamSandwich"/> 
	<property name="Meshfile" value="#Other/Items?Misc/parcelPrefab.prefab"/>
	<property name="DropMeshfile" value="#Other/Items?Misc/sack_droppedPrefab.prefab"/>
	<property name="Material" value="Morganic"/>
	<property name="Stacknumber" value="10"/> <!-- STK food -->
	<property name="EconomicValue" value="16"/>
	<!-- <property name="UnlockedBy" value="perkMasterChef"/> -->
	<property class="Action0">
		<property name="Class" value="Eat"/>
		<property name="Delay" value="1.0"/>
		<property name="Use_time" value="..."/>
		<property name="Sound_start" value="player_eating"/>
		<!-- <property name="Create_item" value="foodCrumbs"/> -->
	</property>
	<property name="Group" value="Food/Cooking,CFFood/Cooking"/>

	<effect_group tiered="false">
		<triggered_effect trigger="onSelfPrimaryActionEnd" action="ModifyCVar" cvar="$foodAmountAdd" operation="add" value="8"/>
		<triggered_effect trigger="onSelfPrimaryActionEnd" action="ModifyCVar" cvar="foodHealthAmount" operation="add" value="10"/>
		<triggered_effect trigger="onSelfPrimaryActionEnd" action="AddBuff" buff="buffProcessConsumables"/>

		<triggered_effect trigger="onSelfPrimaryActionEnd" action="ModifyCVar" cvar=".DiseaseRoll" operation="set" value="4"/><display_value name="dFoodPoisoningRisk" value=".04"/> <!-- FP cooked -->
		<triggered_effect trigger="onSelfPrimaryActionEnd" action="ModifyCVar" cvar=".DiseaseRoll" operation="add" value="@$MetabolismResist"/>
		<triggered_effect trigger="onSelfPrimaryActionEnd" action="AddBuff" buff="buffIllFoodPoisoning01">
			<requirement name="RandomRoll" seed_type="Random" min_max="1,100" operation="LTE" value="@.DiseaseRoll"/>
		</triggered_effect>
	</effect_group>
</item>

<item name="foodMooseTard">
	<property name="Tags" value="food"/>
	<property name="HoldType" value="31"/>
	<property name="DisplayType" value="food"/>
	<property name="CustomIcon" value="foodMooseTard"/> 
	<property name="Meshfile" value="#Other/Items?Misc/parcelPrefab.prefab"/>
	<property name="DropMeshfile" value="#Other/Items?Misc/sack_droppedPrefab.prefab"/>
	<property name="Material" value="Morganic"/>
	<property name="Stacknumber" value="10"/> <!-- STK food -->
	<property name="EconomicValue" value="16"/>
	<!-- <property name="UnlockedBy" value="perkMasterChef"/> -->
	<property class="Action0">
		<property name="Class" value="Eat"/>
		<property name="Delay" value="1.0"/>
		<property name="Use_time" value="..."/>
		<property name="Sound_start" value="player_eating"/>
		<!-- <property name="Create_item" value="foodCrumbs"/> -->
	</property>
	<property name="Group" value="Food/Cooking,CFFood/Cooking"/>

	<effect_group tiered="false">
		<triggered_effect trigger="onSelfPrimaryActionEnd" action="ModifyCVar" cvar="$foodAmountAdd" operation="add" value="1"/>
		<triggered_effect trigger="onSelfPrimaryActionEnd" action="ModifyCVar" cvar="foodHealthAmount" operation="add" value="1"/>
		<triggered_effect trigger="onSelfPrimaryActionEnd" action="AddBuff" buff="buffProcessConsumables"/>

		<triggered_effect trigger="onSelfPrimaryActionEnd" action="ModifyCVar" cvar=".DiseaseRoll" operation="set" value="4"/><display_value name="dFoodPoisoningRisk" value=".04"/> <!-- FP cooked -->
		<triggered_effect trigger="onSelfPrimaryActionEnd" action="ModifyCVar" cvar=".DiseaseRoll" operation="add" value="@$MetabolismResist"/>
		<triggered_effect trigger="onSelfPrimaryActionEnd" action="AddBuff" buff="buffIllFoodPoisoning01">
			<requirement name="RandomRoll" seed_type="Random" min_max="1,100" operation="LTE" value="@.DiseaseRoll"/>
		</triggered_effect>
	</effect_group>
</item>

<item name="foodOmelette">
	<property name="Tags" value="food"/>
	<property name="HoldType" value="31"/>
	<property name="DisplayType" value="food"/>
	<property name="CustomIcon" value="foodOmelette"/> 
	<property name="Meshfile" value="#Other/Items?Misc/parcelPrefab.prefab"/>
	<property name="DropMeshfile" value="#Other/Items?Misc/sack_droppedPrefab.prefab"/>
	<property name="Material" value="Morganic"/>
	<property name="Stacknumber" value="10"/> <!-- STK food -->
	<property name="EconomicValue" value="16"/>
	<!-- <property name="UnlockedBy" value="perkMasterChef"/> -->
	<property class="Action0">
		<property name="Class" value="Eat"/>
		<property name="Delay" value="1.0"/>
		<property name="Use_time" value="..."/>
		<property name="Sound_start" value="player_eating"/>
		<!-- <property name="Create_item" value="foodCrumbs"/> -->
	</property>
	<property name="Group" value="Food/Cooking,CFFood/Cooking"/>

	<effect_group tiered="false">
		<triggered_effect trigger="onSelfPrimaryActionEnd" action="ModifyCVar" cvar="$foodAmountAdd" operation="add" value="15"/>
		<triggered_effect trigger="onSelfPrimaryActionEnd" action="ModifyCVar" cvar="foodHealthAmount" operation="add" value="15"/>
		<triggered_effect trigger="onSelfPrimaryActionEnd" action="AddBuff" buff="buffProcessConsumables"/>

		<triggered_effect trigger="onSelfPrimaryActionEnd" action="ModifyCVar" cvar=".DiseaseRoll" operation="set" value="4"/><display_value name="dFoodPoisoningRisk" value=".04"/> <!-- FP cooked -->
		<triggered_effect trigger="onSelfPrimaryActionEnd" action="ModifyCVar" cvar=".DiseaseRoll" operation="add" value="@$MetabolismResist"/>
		<triggered_effect trigger="onSelfPrimaryActionEnd" action="AddBuff" buff="buffIllFoodPoisoning01">
			<requirement name="RandomRoll" seed_type="Random" min_max="1,100" operation="LTE" value="@.DiseaseRoll"/>
		</triggered_effect>
	</effect_group>
</item>

<!-- perkBatterUpGear -->



	</append>
</configs>
