<configs>
	<append xpath="/loot">

<lootgroup name="coldfood">
	<item name="foodEgg" count="1,2"/>
	<item name="foodBlueberryPie"/>
	<item name="foodMeatStew"/>
	<item name="foodRawMeat" count="5,10"/>
	<item name="foodRottingFlesh" count="1,2"/>
	<item name="foodCropCorn"/>
	<item name="foodCropPotato"/>
	<item name="foodCropBlueberries"/>
	<item name="foodRoast" count="1,4"/>
	<item name="foodChickenNuggets" count="1,2"/>
	<item name="foodScrambledEggs" count="1,2"/>
	<item name="foodSlicesOfBacon" count="1,2"/>
	<item name="foodBaconEggsHashbrownsToast" count="1,2"/>
</lootgroup>

	</append>
</configs>
