<MoreCookedFoods>



	<append xpath="/lootcontainers/lootgroup[@name='cupboard']">
	<item name="foodPotatoChips"/>
	<item name="foodMooseTard"/>
	</append>

	<append xpath="/lootcontainers/lootcontainer[@id='8']">
	<item name="foodPotatoChips"/>
	<item name="foodMooseTard"/>
	</append>

	<append xpath="/lootcontainers/lootcontainer[@id='21']">
	<item name="foodPotatoChips"/>
	<item name="foodMooseTard"/>
	</append>
	
	<append xpath="/lootcontainers/lootcontainer[@id='47']">
	<item name="foodRoast" count="1,4"/>
	<item name="foodChickenNuggets" count="1,2"/>
	<item name="foodScrambledEggs" count="1,2"/>
	<item name="foodSlicesOfBacon" count="1,2"/>
	<item name="foodBaconEggsHashbrownsToast" count="1,2"/>
	<item name="foodSalad" count="1,2"/>
	<item name="foodLettuce" count="1,2"/>
	<item name="foodGrits" count="1,2"/>
	<item name="foodBratwurst" count="1,4"/>
	<item name="foodHamburger" count="1,2"/>
	<item name="foodRotisserieChicken" count="1,2"/>
	<item name="foodTaterTots" count="5,8"/>
	<item name="foodChickenFriedSteak" count="1,2"/>
	<item name="foodBroccoli" count="1,2"/>
	<item name="foodMashedPotatos" count="1,2"/>
	<item name="foodBhamSandwich" count="1,2"/>
	<item name="foodMooseTard" count="1,2"/>
	<item name="foodOmelette" count="1,2"/>
	</append>
	
</MoreCookedFoods>