<configs>
	<append xpath="/loot">

<lootgroup name="coldfood">
	<item name="foodEgg" count="1,2"/>
	<item name="foodBlueberryPie"/>
	<item name="foodMeatStew"/>
	<item name="foodRawMeat" count="5,10"/>
	<item name="foodRottingFlesh" count="1,2"/>
	<item name="foodCropCorn"/>
	<item name="foodCropPotato"/>
	<item name="foodCropBlueberries"/>
	<item name="foodRoast" count="1,4"/>
	<item name="foodChickenNuggets" count="1,2"/>
	<item name="foodScrambledEggs" count="1,2"/>
	<item name="foodSlicesOfBacon" count="1,2"/>
	<item name="foodBaconEggsHashbrownsToast" count="1,2"/>
	<item name="foodSalad" count="1,2"/>
	<item name="foodLettuce" count="1,2"/>
	<item name="foodGrits" count="1,2"/>
	<item name="foodBratwurst" count="1,4"/>
	<item name="foodHamburger" count="1,2"/>
	<item name="foodRotisserieChicken" count="1,2"/>
	<item name="foodTaterTots" count="5,8"/>
	<item name="foodChickenFriedSteak" count="1,2"/>
	<item name="foodBroccoli" count="1,2"/>
	<item name="foodMashedPotatos" count="1,2"/>
	<item name="foodBhamSandwich" count="1,2"/>
	<item name="foodMooseTard" count="1,2"/>
	<item name="foodOmelette" count="1,2"/>
</lootgroup>

<lootgroup name="cannedfood">
	<item name="foodCanBeef"/>
	<item name="foodCanCatfood"/>
	<item name="foodCanChicken"/>
	<item name="foodCanChili"/>
	<item name="foodCanDogfood"/>
	<item name="foodCanSham"/>
	<item name="foodCanLamb"/>
	<item name="foodCanMiso"/>
	<item name="foodCanPasta"/>
	<item name="foodCanPeas"/>
	<item name="foodCanSalmon"/>
	<item name="foodCanSoup"/>
	<item name="foodCanStock"/>
	<item name="foodCanTuna"/>
	<item name="foodCanPears"/>
	<item name="foodHoney"/>
	<item name="foodCornMeal"/>
	<item name="foodPotatoChips"/>
	<item name="foodMooseTard"/>
</lootgroup>

	</append>
</configs>
