<MoreCookedFoods>

<!-- You will NEVER find a full meal in any of the loot, only the stuff to make the meal. You can mod this for your own server, if that's what you want. -->
<!-- PS. Put loot where it belongs... you're fired if you don't... :P -->

	<append xpath="/lootcontainers/lootgroup[@name='cupboard']">
	<item name="foodPotatoChips"/>
	<item name="foodMooseTard"/>
	</append>

	<append xpath="/lootcontainers/lootcontainer[@id='8']">
	<item name="foodPotatoChips"/>
	<item name="foodMooseTard"/>
	</append>

	<append xpath="/lootcontainers/lootcontainer[@id='21']">
	<item name="foodPotatoChips"/>
	<item name="foodMooseTard"/>
	</append>

	<append xpath="/lootcontainers/lootcontainer[@id='46']">
	<item name="foodPotatoChips"/>
	<item name="foodMooseTard"/>
	<item name="foodChickenBones"/>
	</append>

	<append xpath="/lootcontainers/lootcontainer[@id='48']">
	<item name="foodPotatoChips"/>
	<item name="foodMooseTard"/>
	<item name="foodBhamSandwich"/>
	</append>

	<append xpath="/lootcontainers/lootcontainer[@id='45']">
	<item name="foodSalad"/>
	<item name="foodLettuce"/>
	<item name="foodBroccoli"/>
	<item name="foodBhamSandwich"/>
	</append>
	
	<append xpath="/lootcontainers/lootcontainer[@id='47']">
	<item name="foodChickenNuggets" count="1,2"/>
	<item name="foodScrambledEggs" count="1,2"/>
	<item name="foodSlicesOfBacon" count="1,2"/>
	<item name="foodLettuce" count="1,2"/>
	<item name="foodGrits" count="1,2"/>
	<item name="foodBratwurst" count="1,4"/>
	<item name="foodHamburger" count="1,2"/>
	<item name="foodTaterTots" count="5,8"/>
	<item name="foodBroccoli" count="1,2"/>
	<item name="foodMashedPotatos" count="1,2"/>
	<item name="foodBhamSandwich" count="1,2"/>
	<item name="foodMooseTard" count="1,2"/>
	<item name="foodCheeseWonton" count="1,2"/>
	<item name="foodHotSourSoup" count="1,2"/>
	<item name="foodWontonSoup" count="1,2"/>
	<item name="foodSpringRoll" count="1,2"/>
	<item name="foodFrenchFries" count="1,2"/>
	<item name="foodHushPuppies" count="1,2"/>
	</append>

<!-- Shamway Cardboard boxes loot -->

	<append xpath="/lootcontainers/lootcontainer[@id='59']">
	<item name="foodChickenNuggets" count="1,2"/>
	<item name="foodScrambledEggs" count="1,2"/>
	<item name="foodSlicesOfBacon" count="1,2"/>
	<item name="foodLettuce" count="1,2"/>
	<item name="foodGrits" count="1,2"/>
	<item name="foodBratwurst" count="1,4"/>
	<item name="foodHamburger" count="1,2"/>
	<item name="foodTaterTots" count="5,8"/>
	<item name="foodBroccoli" count="1,2"/>
	<item name="foodMashedPotatos" count="1,2"/>
	<item name="foodBhamSandwich" count="1,2"/>
	<item name="foodMooseTard" count="1,2"/>
	<item name="foodCheeseWonton" count="1,2"/>
	<item name="foodHotSourSoup" count="1,2"/>
	<item name="foodWontonSoup" count="1,2"/>
	<item name="foodSpringRoll" count="1,2"/>
	<item name="foodFrenchFries" count="1,2"/>
	<item name="foodHushPuppies" count="1,4"/>
	</append>

<!-- Shamway Cardboard boxes loot -->

<!-- Zombies -->

	<append xpath="/lootcontainers/lootcontainer[@id='70']">
	<item name="foodChickenNuggets" count="1,2"/>
	<item name="foodScrambledEggs" count="1,2"/>
	<item name="foodSlicesOfBacon" count="1,2"/>
	<item name="foodLettuce" count="1,2"/>
	<item name="foodGrits" count="1,2"/>
	<item name="foodBratwurst" count="1,4"/>
	<item name="foodHamburger" count="1,2"/>
	<item name="foodRotisserieChicken" count="1,2"/>
	<item name="foodTaterTots" count="5,8"/>
	<item name="foodBroccoli" count="1,2"/>
	<item name="foodMashedPotatos" count="1,2"/>
	<item name="foodBhamSandwich" count="1,2"/>
	<item name="foodMooseTard" count="1,2"/>
	<item name="foodCheeseWonton" count="1,2"/>
	<item name="foodHotSourSoup" count="1,2"/>
	<item name="foodWontonSoup" count="1,2"/>
	<item name="foodSpringRoll" count="1,2"/>
	<item name="foodFrenchFries" count="1,2"/>
	<item name="foodHushPuppies" count="1,4"/>
	</append>

	<append xpath="/lootcontainers/lootcontainer[@id='71']">
	<item name="foodChickenNuggets" count="1,2"/>
	<item name="foodScrambledEggs" count="1,2"/>
	<item name="foodSlicesOfBacon" count="1,2"/>
	<item name="foodLettuce" count="1,2"/>
	<item name="foodGrits" count="1,2"/>
	<item name="foodBratwurst" count="1,4"/>
	<item name="foodHamburger" count="1,2"/>
	<item name="foodRotisserieChicken" count="1,2"/>
	<item name="foodTaterTots" count="5,8"/>
	<item name="foodBroccoli" count="1,2"/>
	<item name="foodMashedPotatos" count="1,2"/>
	<item name="foodBhamSandwich" count="1,2"/>
	<item name="foodMooseTard" count="1,2"/>
	<item name="foodCheeseWonton" count="1,2"/>
	<item name="foodHotSourSoup" count="1,2"/>
	<item name="foodWontonSoup" count="1,2"/>
	<item name="foodSpringRoll" count="1,2"/>
	<item name="foodFrenchFries" count="1,2"/>
	<item name="foodHushPuppies" count="1,4"/>
	</append>

<!-- Zombies -->

<!-- Food piles -->

	<append xpath="/lootcontainers/lootcontainer[@id='111']">
	<item name="foodPotatoChips"/>
	<item name="foodMooseTard"/>
	</append>

	<append xpath="/lootcontainers/lootcontainer[@id='112']">
	<item name="foodPotatoChips"/>
	<item name="foodMooseTard"/>
	</append>

	<append xpath="/lootcontainers/lootcontainer[@id='113']">
	<item name="foodPotatoChips"/>
	<item name="foodMooseTard"/>
	</append>

<!-- Food piles -->
	
</MoreCookedFoods>