<configs>
	<append xpath="/recipes">

<recipe name="foodBaconEggsHashbrownsToast" count="1" craft_area="campfire" craft_tool="toolCookingPot">
	<ingredient name="foodRawMeat" count="5"/>
	<ingredient name="foodEgg" count="3"/>
	<ingredient name="foodCropPotato" count="2"/>
</recipe>


<recipe name="foodChickenNuggets" count="5" craft_area="campfire" craft_tool="toolCookingGrill">
	<ingredient name="foodRawMeat" count="5"/>
</recipe>

<recipe name="foodScrambledEggs" count="1" craft_area="campfire" craft_tool="toolCookingPot">
	<ingredient name="foodEgg" count="4"/>
</recipe>

<recipe name="foodSlicesOfBacon" count="3" craft_area="campfire" craft_tool="toolCookingPot">
	<ingredient name="foodRawMeat" count="3"/>
</recipe>

<recipe name="foodRoast" count="2" craft_area="campfire" craft_tool="toolCookingPot">
	<ingredient name="foodRawMeat" count="14"/>
</recipe>

<recipe name="foodSalad" count="1" craft_area="campfire">
	<ingredient name="foodLettuce" count="2"/>
</recipe>

<recipe name="foodLettuce" count="3" craft_area="campfire">
	<ingredient name="resourceYuccaFibers" count="10"/>
</recipe>

<recipe name="foodGrits" count="2" craft_area="campfire">
	<ingredient name="foodCornMeal" count="15"/>
</recipe>

<recipe name="foodBratwurst" count="3" craft_area="campfire">
	<ingredient name="foodRawMeat" count="3"/>
</recipe>

<recipe name="foodHamburger" count="2" craft_area="campfire" craft_tool="toolCookingGrill">
	<ingredient name="foodRawMeat" count="5"/>
	<ingredient name="foodLettuce" count="2"/>
</recipe>

<recipe name="foodRotisserieChicken" count="1" craft_area="campfire" craft_tool="toolCookingGrill">
	<ingredient name="foodRawMeat" count="5"/>
</recipe>

<recipe name="foodTaterTots" count="5" craft_area="campfire">
	<ingredient name="foodCropPotato" count="5"/>
</recipe>

<recipe name="foodChickenFriedSteak" count="5" craft_area="campfire">
	<ingredient name="foodRawMeat" count="1"/>
	<ingredient name="foodMashedPotatos" count="1"/>
	<ingredient name="foodBroccoli" count="1"/>
</recipe>

<recipe name="foodBroccoli" count="3" craft_area="campfire">
	<ingredient name="resourceYuccaFibers" count="10"/>
</recipe>

<recipe name="foodMashedPotatos" count="3" craft_area="campfire">
	<ingredient name="foodCropPotato" count="5"/>
</recipe>

<recipe name="foodBhamSandwichMeal" count="1" craft_area="campfire">
	<ingredient name="foodPotatoChips" count="1"/>
	<ingredient name="foodBhamSandwich" count="1"/>
</recipe>

<recipe name="foodPotatoChips" count="1" craft_area="campfire">
	<ingredient name="foodCropPotato" count="1"/>
</recipe>

<recipe name="foodBhamSandwich" count="1" craft_area="campfire">
	<ingredient name="foodLettuce" count="2"/>
	<ingredient name="foodMooseTard" count="1"/>
	<ingredient name="foodCanSham" count="2"/>
</recipe>

<recipe name="foodMooseTard" count="1" craft_area="campfire">
	<ingredient name="resourceCropGoldenrodPlant" count="2"/>
</recipe>

<recipe name="foodOmelette" count="1" craft_area="campfire">
	<ingredient name="foodEgg" count="2"/>
</recipe>

	</append>
</configs>
