<configs>
	<append xpath="/buffs">


	<buff name="buffNausea" name_key="buffNauseaName" description_key="buffNauseaDesc" tooltip_key="buffNauseaTooltip" icon="ui_game_symbol_stunned">
		<damage_type value="disease"/>
		<stack_type value="replace"/><duration value="8"/>
		<display_value value=".buffBeerDisplay"/><display_value_format value="time"/>
		<effect_group>
			<triggered_effect trigger="onSelfBuffUpdate" action="ModifyCVar" cvar="$buffBeerDuration" operation="subtract" value="@$MetabolismDuration"/>
			<triggered_effect trigger="onSelfBuffUpdate" action="ModifyCVar" cvar=".buffBeerDisplay" operation="set" value="@$buffBeerDuration"/>
			<triggered_effect trigger="onSelfBuffUpdate" action="ModifyCVar" cvar=".buffBeerDisplay" operation="divide" value="@$MetabolismDuration"/>
		</effect_group>
		<effect_group>
			<requirement name="CVarCompare" cvar="$buffBeerDuration" operation="LTE" value="0"/>
				<triggered_effect trigger="onSelfBuffUpdate" action="ModifyCVar" cvar="$buffBeerDuration" operation="set" value="0"/>
				<triggered_effect trigger="onSelfBuffUpdate" action="RemoveBuff" buff="buffBeer"/>
		</effect_group>

		<effect_group>
			<passive_effect name="EntityDamage" operation="perc_add" value="3">
				<requirement name="HoldingItemHasTags" tags="perkBrawler"/>
			</passive_effect>

			<passive_effect name="StaminaChangeOT" operation="perc_add" value="0.5">
				<requirement name="NotHasBuff" buff="buffHealWaterMax"/>
			</passive_effect>
			<passive_effect name="StaminaChangeOT" operation="perc_add" value="0.35">
				<requirement name="HasBuff" buff="buffHealWaterMax"/>
			</passive_effect>

			<triggered_effect trigger="onSelfBuffStart" action="ModifyScreenEffect" intensity="0.3" effect_name="Drunk"/>
			<triggered_effect trigger="onSelfBuffStart" action="PlaySound" sound="Player$Hungry" play_in_head="true"/>
			<triggered_effect trigger="onSelfBuffStack" action="AddBuff" buff="buffNauseaMore"/>
			<triggered_effect trigger="onSelfBuffRemove" action="ModifyScreenEffect" intensity="0" effect_name="Drunk"/>
			<passive_effect name="BuffResistance" operation="base_add" value="1" tags="buffInjuryStunned01"/>

			<triggered_effect trigger="onSelfBuffRemove" action="ModifyCVar" cvar=".buffBeerDisplay" operation="set" value="0"/>
			<triggered_effect trigger="onSelfBuffRemove" action="ModifyCVar" cvar="$buffBeerDuration" operation="set" value="0"/>
		</effect_group>
	</buff>

		<buff name="buffNauseaMore" name_key="buffNauseaMoreName" description_key="buffNauseaMoreDesc" tooltip_key="buffNauseaMoreTooltip" icon="ui_game_symbol_stunned">
		<damage_type value="disease"/>
		<stack_type value="replace"/><duration value="15"/>
		<display_value value=".buffBeerDisplay"/><display_value_format value="time"/>
		<effect_group>
			<triggered_effect trigger="onSelfBuffUpdate" action="ModifyCVar" cvar="$buffBeerDuration" operation="subtract" value="@$MetabolismDuration"/>
			<triggered_effect trigger="onSelfBuffUpdate" action="ModifyCVar" cvar=".buffBeerDisplay" operation="set" value="@$buffBeerDuration"/>
			<triggered_effect trigger="onSelfBuffUpdate" action="ModifyCVar" cvar=".buffBeerDisplay" operation="divide" value="@$MetabolismDuration"/>
		</effect_group>
		<effect_group>
			<requirement name="CVarCompare" cvar="$buffBeerDuration" operation="LTE" value="0"/>
				<triggered_effect trigger="onSelfBuffUpdate" action="ModifyCVar" cvar="$buffBeerDuration" operation="set" value="0"/>
				<triggered_effect trigger="onSelfBuffUpdate" action="RemoveBuff" buff="buffBeer"/>
		</effect_group>

		<effect_group>
			<passive_effect name="EntityDamage" operation="perc_add" value="3">
				<requirement name="HoldingItemHasTags" tags="perkBrawler"/>
			</passive_effect>

			<passive_effect name="StaminaChangeOT" operation="perc_add" value="0.5">
				<requirement name="NotHasBuff" buff="buffHealWaterMax"/>
			</passive_effect>
			<passive_effect name="StaminaChangeOT" operation="perc_add" value="0.35">
				<requirement name="HasBuff" buff="buffHealWaterMax"/>
			</passive_effect>

			<triggered_effect trigger="onSelfBuffStart" action="ModifyScreenEffect" intensity="0.3" effect_name="Drunk"/>
			<triggered_effect trigger="onSelfBuffStart" action="PlaySound" sound="Player$Hungry" play_in_head="true"/>
			<triggered_effect trigger="onSelfBuffStart" action="RemoveBuff" buff="buffNausea"/>
			<triggered_effect trigger="onSelfBuffRemove" action="ModifyScreenEffect" intensity="0" effect_name="Drunk"/>
			<passive_effect name="BuffResistance" operation="base_add" value="1" tags="buffInjuryStunned01"/>

			<triggered_effect trigger="onSelfBuffRemove" action="ModifyCVar" cvar=".buffBeerDisplay" operation="set" value="0"/>
			<triggered_effect trigger="onSelfBuffRemove" action="ModifyCVar" cvar="$buffBeerDuration" operation="set" value="0"/>
		</effect_group>
	</buff>

	<buff name="buffRocketBoots1Airborne" hidden="true">
		<stack_type value="replace"/>
		<duration value="5"/>
		<effect_group>
			<passive_effect name="WalkSpeed" operation="base_set" value="1.65"/>
			<passive_effect name="RunSpeed" operation="base_set" value="4"/>
			<passive_effect name="WalkSpeed" operation="perc_add" value=".35"/>
			<passive_effect name="RunSpeed" operation="perc_add" value=".35"/>
			<triggered_effect trigger="onSelfFallImpact" action="RemoveBuff" buff="buffRocketBoots1Airborne"/>
		</effect_group>
	</buff>


		<buff name="buffRocketBoots2Airborne" hidden="true">
		<stack_type value="replace"/>
		<duration value="5"/>
		<effect_group>
			<passive_effect name="WalkSpeed" operation="base_set" value="1.65"/>
			<passive_effect name="RunSpeed" operation="base_set" value="4"/>
			<passive_effect name="WalkSpeed" operation="perc_add" value="1.30"/>
			<passive_effect name="RunSpeed" operation="perc_add" value="1.40"/>
			<triggered_effect trigger="onSelfFallImpact" action="RemoveBuff" buff="buffRocketBoots2Airborne"/>
		</effect_group>
	</buff>



		<buff name="buffActivationDelay" name_key="buffActivationDelayName" description_key="buffActivationDelayDesc" tooltip_key="buffActivationDelayTooltip" icon="ui_game_symbol_stunned">
		<damage_type value="disease"/>
		<stack_type value="replace"/><duration value="4"/>
		<display_value value=".buffBeerDisplay"/><display_value_format value="time"/>
		<effect_group>
			<triggered_effect trigger="onSelfBuffUpdate" action="ModifyCVar" cvar="$buffBeerDuration" operation="subtract" value="@$MetabolismDuration"/>
			<triggered_effect trigger="onSelfBuffUpdate" action="ModifyCVar" cvar=".buffBeerDisplay" operation="set" value="@$buffBeerDuration"/>
			<triggered_effect trigger="onSelfBuffUpdate" action="ModifyCVar" cvar=".buffBeerDisplay" operation="divide" value="@$MetabolismDuration"/>
		</effect_group>
		<effect_group>
			<requirement name="CVarCompare" cvar="$buffBeerDuration" operation="LTE" value="0"/>
				<triggered_effect trigger="onSelfBuffUpdate" action="ModifyCVar" cvar="$buffBeerDuration" operation="set" value="0"/>
				<triggered_effect trigger="onSelfBuffUpdate" action="RemoveBuff" buff="buffBeer"/>
		</effect_group>

		<effect_group>
			<passive_effect name="EntityDamage" operation="perc_add" value="3">
				<requirement name="HoldingItemHasTags" tags="perkBrawler"/>
			</passive_effect>

			<passive_effect name="StaminaChangeOT" operation="perc_add" value="0.5">
				<requirement name="NotHasBuff" buff="buffHealWaterMax"/>
			</passive_effect>
			<passive_effect name="StaminaChangeOT" operation="perc_add" value="0.35">
				<requirement name="HasBuff" buff="buffHealWaterMax"/>
			</passive_effect>

			<triggered_effect trigger="onSelfBuffStart" action="PlaySound" sound="charge_beep" play_in_head="true"/>
			<triggered_effect trigger="onSelfJump" action="RemoveBuff" buff="buffRocketBoots1Airborne"/>
			<triggered_effect trigger="onSelfJump" action="RemoveBuff" buff="buffRocketBoots2Airborne"/>
			<triggered_effect trigger="onSelfBuffUpdate" action="PlaySound" buff="buffActivationDelay" sound="charge_beep" play_in_head="false"/>
			<triggered_effect trigger="onSelfBuffRemove" action="ModifyScreenEffect" intensity="0" effect_name="Drunk"/>
			<passive_effect name="BuffResistance" operation="base_add" value="1" tags="buffInjuryStunned01"/>

			<triggered_effect trigger="onSelfBuffRemove" action="ModifyCVar" cvar=".buffBeerDisplay" operation="set" value="0"/>
			<triggered_effect trigger="onSelfBuffRemove" action="ModifyCVar" cvar="$buffBeerDuration" operation="set" value="0"/>
		</effect_group>
	</buff>


		</append>
</configs>