<configs>
	<append xpath="/sounds">

<SoundDataNode name="rocket_boots"> <AudioSource name="Sounds/AudioSource_WeaponFire"/> <NetworkAudioSource name="Sounds/AudioSource_WeaponFire_Network"/>
	<Noise ID="4" noise="100" time="2" heat_map_strength="0.5" heat_map_time="90"/>
	<AudioClip ClipName="Sounds/Weapons/Ranged/m136/m136_fire"/>
	<LocalCrouchVolumeScale value="1"/> <CrouchNoiseScale value="1"/> <NoiseScale value="1"/> <MaxVoices value="10"/> <MaxRepeatRate value="0.001"/> </SoundDataNode>

	</append>
</configs>
