<configs>
	<append xpath="/items">





<item name="foodSuperCornBread">
	<property name="Tags" value="food"/>
	<property name="HoldType" value="31"/>
	<property name="DisplayType" value="food"/>
	<property name="CustomIcon" value="foodSuperCornBread"/> 
	<property name="Meshfile" value="#Other/Items?Misc/parcelPrefab.prefab"/>
	<property name="DropMeshfile" value="#Other/Items?Misc/sack_droppedPrefab.prefab"/>
	<property name="Material" value="Morganic"/>
	<property name="Stacknumber" value="10"/> <!-- STK food -->
	<property name="EconomicValue" value="16"/>
	<property name="UnlockedBy" value="perkMasterChef"/>
	<property class="Action0">
		<property name="Class" value="Eat"/>
		<property name="Delay" value="1.0"/>
		<property name="Use_time" value="..."/>
		<property name="Sound_start" value="player_eating"/>
		<!-- jar from cooking food <property name="Create_item" value="drinkJarEmpty"/> -->
	</property>
	<property name="Group" value="Food/Cooking,CFFood/Cooking"/>

	<effect_group tiered="false">
		<triggered_effect trigger="onSelfPrimaryActionEnd" action="ModifyCVar" cvar="$foodAmountAdd" operation="add" value="10"/>
		<triggered_effect trigger="onSelfPrimaryActionEnd" action="ModifyCVar" cvar="foodHealthAmount" operation="add" value="12"/>
		<triggered_effect trigger="onSelfPrimaryActionEnd" action="AddBuff" buff="buffProcessConsumables"/>
		<triggered_effect trigger="onSelfPrimaryActionEnd" action="AddBuff" buff="buffCookedSuperCornItem"/>

		<triggered_effect trigger="onSelfPrimaryActionEnd" action="ModifyCVar" cvar=".DiseaseRoll" operation="set" value="4"/><display_value name="dFoodPoisoningRisk" value=".04"/> <!-- FP cooked -->
		<triggered_effect trigger="onSelfPrimaryActionEnd" action="ModifyCVar" cvar=".DiseaseRoll" operation="add" value="@$MetabolismResist"/>
		<triggered_effect trigger="onSelfPrimaryActionEnd" action="AddBuff" buff="buffIllFoodPoisoning01">
			<requirement name="RandomRoll" seed_type="Random" min_max="1,100" operation="LTE" value="@.DiseaseRoll"/>
		</triggered_effect>
	</effect_group>
</item>


<item name="foodSuperCornMeatStew">
	<property name="Tags" value="food"/>
	<property name="HoldType" value="31"/>
	<property name="DisplayType" value="foodWater"/>
	<property name="CustomIcon" value="foodMeatStew"/> 
	<property name="Meshfile" value="#Other/Items?Misc/parcelPrefab.prefab"/>
	<property name="DropMeshfile" value="#Other/Items?Misc/sack_droppedPrefab.prefab"/>
	<property name="Material" value="Morganic"/>
	<property name="Stacknumber" value="10"/> <!-- STK food -->
	<property name="EconomicValue" value="134"/>
	<property name="UnlockedBy" value="perkMasterChef"/>
	<property class="Action0">
		<property name="Class" value="Eat"/>
		<property name="Delay" value="1.0"/>
		<property name="Use_time" value="..."/>
		<property name="Sound_start" value="player_drinking"/>
		<!-- jar from cooking food <property name="Create_item" value="drinkJarEmpty"/> -->
	</property>
	<property name="Group" value="Food/Cooking,CFFood/Cooking"/>

	<effect_group tiered="false">
		<triggered_effect trigger="onSelfPrimaryActionEnd" action="ModifyCVar" cvar="$waterAmountAdd" operation="add" value="40"/>
		<triggered_effect trigger="onSelfPrimaryActionEnd" action="ModifyCVar" cvar="$foodAmountAdd" operation="add" value="65"/>
		<triggered_effect trigger="onSelfPrimaryActionEnd" action="ModifyCVar" cvar="foodHealthAmount" operation="add" value="45"/>
		<triggered_effect trigger="onSelfPrimaryActionEnd" action="AddBuff" buff="buffProcessConsumables"/>
		<triggered_effect trigger="onSelfPrimaryActionEnd" action="AddBuff" buff="buffCookedSuperCornItem"/>

		<triggered_effect trigger="onSelfPrimaryActionEnd" action="ModifyCVar" cvar=".DiseaseRoll" operation="set" value="4"/><display_value name="dFoodPoisoningRisk" value=".04"/> <!-- FP cooked -->
		<triggered_effect trigger="onSelfPrimaryActionEnd" action="ModifyCVar" cvar=".DiseaseRoll" operation="add" value="@$MetabolismResist"/>
		<triggered_effect trigger="onSelfPrimaryActionEnd" action="AddBuff" buff="buffIllFoodPoisoning01">
			<requirement name="RandomRoll" seed_type="Random" min_max="1,100" operation="LTE" value="@.DiseaseRoll"/>
		</triggered_effect>
	</effect_group>
</item>


<!-- perkBatterUpGear -->



	</append>
</configs>
