<MoreCookedFoods>

<!-- You will NEVER find a full meal in any of the loot, only the stuff to make the meal. You can mod this for your own server, if that's what you want. -->
<!-- PS. Put loot where it belongs... you're fired if you don't... :P -->
<!-- mod is WIP -->

  <append xpath="/lootcontainers/lootgroup[@name='groupCupboard']">
	<item name="foodPotatoChips" loot_prob_template="low"/>
  <item name="foodMooseTard" loot_prob_template="low"/>
  <item name="foodCatchUp" loot_prob_template="low"/>
  <item name="foodThumbs" loot_prob_template="low"/>
  <item name="foodGlassOfMilk" loot_prob_template="low"/>
  <item name="foodApple" count="1,2" loot_prob_template="low"/>
</append>

<append xpath="/lootcontainers/lootcontainer[@id='8']">
  <item name="foodPotatoChips" loot_prob_template="low"/>
  <item name="foodMooseTard" loot_prob_template="low"/>
  <item name="foodCatchUp" loot_prob_template="low"/>
</append>

<append xpath="/lootcontainers/lootcontainer[@id='21']">
  <item name="foodPotatoChips" loot_prob_template="low"/>
  <item name="foodMooseTard" loot_prob_template="low"/>
  <item name="foodCatchUp" loot_prob_template="low"/>
</append>

<append xpath="/lootcontainers/lootcontainer[@id='46']">
  <item name="foodPotatoChips" loot_prob_template="low"/>
  <item name="foodMooseTard" loot_prob_template="low"/>
  <item name="foodChickenBones" loot_prob_template="low"/>
  <item name="foodCatchUp" loot_prob_template="low"/>
</append>

<append xpath="/lootcontainers/lootcontainer[@id='48']">
  <item name="foodPotatoChips" loot_prob_template="low"/>
  <item name="foodMooseTard" loot_prob_template="low"/>
  <item name="foodCatchUp" loot_prob_template="low"/>
  <item name="foodBhamSandwich" loot_prob_template="low"/>
</append>

<append xpath="/lootcontainers/lootcontainer[@id='45']">
  <item name="foodSalad" loot_prob_template="low"/>
  <item name="foodLettuce" loot_prob_template="low"/>
  <item name="foodCarrot" loot_prob_template="low"/>
  <item name="foodPeas" loot_prob_template="low"/>
  <item name="foodTomatos" loot_prob_template="low"/>
  <item name="foodCabbage" loot_prob_template="low"/>
  <item name="foodBroccoli" loot_prob_template="low"/>
  <item name="foodBhamSandwich" loot_prob_template="low"/>
  <item name="foodMilk" loot_prob_template="low"/>
</append>

<append xpath="/lootcontainers/lootcontainer[@id='52']">
  <item name="foodSalad" loot_prob_template="low"/>
  <item name="foodLettuce" loot_prob_template="low"/>
  <item name="foodCarrot" loot_prob_template="low"/>
  <item name="foodPeas" loot_prob_template="low"/>
  <item name="foodTomatos" loot_prob_template="low"/>
  <item name="foodCabbage" loot_prob_template="low"/>
  <item name="foodBroccoli" loot_prob_template="low"/>
  <item name="foodBhamSandwich" loot_prob_template="low"/>
  <item name="foodMilk" loot_prob_template="low"/>
</append>

<append xpath="/lootcontainers/lootcontainer[@id='47']">
  <item name="foodChickenNuggets" count="1,2" loot_prob_template="low"/>
  <item name="foodScrambledEggs" count="1,2" loot_prob_template="low"/>
  <item name="foodSlicesOfBacon" count="1,2" loot_prob_template="low"/>
  <item name="foodLettuce" count="1,2" loot_prob_template="low"/>
  <item name="foodCarrot" count="1,2" loot_prob_template="low"/>
  <item name="foodPeas" count="1,2" loot_prob_template="low"/>
  <item name="foodTomatos" count="1,2" loot_prob_template="low"/>
  <item name="foodCabbage" count="1,2" loot_prob_template="low"/>
  <item name="foodGrits" count="1,2" loot_prob_template="low"/>
  <item name="foodBratwurst" count="1,4" loot_prob_template="low"/>
  <item name="foodHamburger" count="1,2" loot_prob_template="low"/>
  <item name="foodTaterTots" count="5,8" loot_prob_template="low"/>
  <item name="foodBroccoli" count="1,2" loot_prob_template="low"/>
  <item name="foodMashedPotatos" count="1,2" loot_prob_template="low"/>
  <item name="foodBhamSandwich" count="1,2" loot_prob_template="low"/>
  <item name="foodMooseTard" count="1,2" loot_prob_template="low"/>
  <item name="foodCatchUp" count="1,2" loot_prob_template="low"/>
  <item name="foodCheeseWonton" count="1,2" loot_prob_template="low"/>
  <item name="foodHotSourSoup" count="1,2" loot_prob_template="low"/>
  <item name="foodWontonSoup" count="1,2" loot_prob_template="low"/>
  <item name="foodSpringRoll" count="1,2" loot_prob_template="low"/>
  <item name="foodFrenchFries" count="1,2" loot_prob_template="low"/>
  <item name="foodHushPuppies" count="1,2" loot_prob_template="low"/>
  <item name="foodThumbs" count="1,4" loot_prob_template="low"/>
  <item name="foodWatermelon" count="1,2" loot_prob_template="low"/>
  <item name="foodMilk" count="1,2" loot_prob_template="low"/>
  <item name="foodApple" count="1,4" loot_prob_template="low"/>
</append>

<!-- Shamway Cardboard boxes loot -->

<append xpath="/lootcontainers/lootgroup[@name='groupShamwayCrate']">
  <item name="foodChickenNuggets" count="1,2" loot_prob_template="low"/>
  <item name="foodScrambledEggs" count="1,2" loot_prob_template="low"/>
  <item name="foodSlicesOfBacon" count="1,2" loot_prob_template="low"/>
  <item name="foodLettuce" count="1,2" loot_prob_template="low"/>
  <item name="foodCarrot" count="1,2" loot_prob_template="low"/>
  <item name="foodPeas" count="1,2" loot_prob_template="low"/>
  <item name="foodTomatos" count="1,2" loot_prob_template="low"/>
  <item name="foodCabbage" count="1,2" loot_prob_template="low"/>
  <item name="foodGrits" count="1,2" loot_prob_template="low"/>
  <item name="foodBratwurst" count="1,4" loot_prob_template="low"/>
  <item name="foodHamburger" count="1,2" loot_prob_template="low"/>
  <item name="foodTaterTots" count="5,8" loot_prob_template="low"/>
  <item name="foodBroccoli" count="1,2" loot_prob_template="low"/>
  <item name="foodMashedPotatos" count="1,2" loot_prob_template="low"/>
  <item name="foodBhamSandwich" count="1,2" loot_prob_template="low"/>
  <item name="foodMooseTard" count="1,2" loot_prob_template="low"/>
  <item name="foodCatchUp" count="1,2" loot_prob_template="low"/>
  <item name="foodRawRibs" count="1,2" loot_prob_template="low"/>
  <item name="foodRawBacon" count="1,2" loot_prob_template="low"/>
  <item name="foodHeavyWhippingCream" count="1,2" loot_prob_template="low"/>
  <item name="foodPowderedSugar" count="1,2" loot_prob_template="low"/>
  <item name="foodCheeseWonton" count="1,2" loot_prob_template="low"/>
  <item name="foodHotSourSoup" count="1,2" loot_prob_template="low"/>
  <item name="foodWontonSoup" count="1,2" loot_prob_template="low"/>
  <item name="foodSpringRoll" count="1,2" loot_prob_template="low"/>
  <item name="foodFrenchFries" count="1,2" loot_prob_template="low"/>
  <item name="foodHushPuppies" count="1,4" loot_prob_template="low"/>
	<item name="foodDough" count="1,2" loot_prob_template="low"/>
	<item name="foodThumbs" count="1,4" loot_prob_template="low"/>
	<item name="foodWatermelon" count="1,2" loot_prob_template="low"/>
	<item name="foodCaseOfCola" count="1,2" loot_prob_template="low"/>
	<item name="foodApple" count="1,4" loot_prob_template="low"/>
	</append>

<!-- Shamway Cardboard boxes loot -->



<!-- Food piles -->
<!-- The Cola stuff is still pretty experimental. Not sure if I want it to do buffs or not. -->

  <append xpath="/lootcontainers/lootgroup[@name='groupFoodPileSmall']">
	<item name="foodPotatoChips" loot_prob_template="low"/>
	<item name="foodMooseTard" loot_prob_template="low"/>
	<item name="foodCatchUp" loot_prob_template="low"/>   
	<item name="foodCanOfCola" count="1,2" loot_prob_template="low"/>
	</append>

  <append xpath="/lootcontainers/lootgroup[@name='groupFoodPileMed']">
	<item name="foodPotatoChips" loot_prob_template="low"/>
	<item name="foodMooseTard" loot_prob_template="low"/>
	<item name="foodCatchUp" loot_prob_template="low"/>     
	<item name="foodCanOfCola" count="1,2" loot_prob_template="low"/>
	</append>

  <append xpath="/lootcontainers/lootgroup[@name='groupFoodPileLarge']">
	<item name="foodPotatoChips" loot_prob_template="low"/>
	<item name="foodMooseTard" loot_prob_template="low"/>
	<item name="foodCatchUp" loot_prob_template="low"/>    
	<item name="foodCanOfCola" count="1,2" loot_prob_template="low"/>
	</append>

<!-- Food piles -->


  <!-- Zed strong and Treasure maps, Military -->

  <append xpath="/lootcontainers/lootgroup[@name='groupZpackStrong01']">
    <item name="foodChocolate" count="1" prob=".02"/>
    <item name="foodMRE" count="1" prob=".02"/>
    <item name="foodMRE02" count="1" prob=".02"/>
    <item name="foodMRE03" count="1" prob=".02"/>
    <item name="foodMRE04" count="1" prob=".02"/>
    <item name="foodMRE05" count="1" prob=".02"/>
    <item name="foodMRE06" count="1" prob=".02"/>
  </append>

  <append xpath="/lootcontainers/lootgroup[@name='groupBuriedLootStashTreasure']">
    <item name="foodChocolate" count="2,6" loot_prob_template="medLow"/>
    <item name="foodMRE" count="1" loot_prob_template="veryLow"/>
    <item name="foodMRE02" count="1" loot_prob_template="veryLow"/>
    <item name="foodMRE03" count="1" loot_prob_template="veryLow"/>
    <item name="foodMRE04" count="1" loot_prob_template="veryLow"/>
    <item name="foodMRE05" count="1" loot_prob_template="veryLow"/>
    <item name="foodMRE06" count="1" loot_prob_template="veryLow"/>
  </append>

  <append xpath="/lootcontainers/lootgroup[@name='groupBuriedLootStashTreasureSub']">
    <item name="foodChocolate" count="2,6" loot_prob_template="medLow"/>
    <item name="foodMRE" count="1" loot_prob_template="veryLow"/>
    <item name="foodMRE02" count="1" loot_prob_template="veryLow"/>
    <item name="foodMRE03" count="1" loot_prob_template="veryLow"/>
    <item name="foodMRE04" count="1" loot_prob_template="veryLow"/>
    <item name="foodMRE05" count="1" loot_prob_template="veryLow"/>
    <item name="foodMRE06" count="1" loot_prob_template="veryLow"/>
  </append>

  <append xpath="/lootcontainers/lootgroup[@name='groupValuablesExtraLarge']">
    <item name="foodChocolate" count="2,6" loot_prob_template="medLow"/>
    <item name="foodMRE" count="1" loot_prob_template="veryLow"/>
    <item name="foodMRE02" count="1" loot_prob_template="veryLow"/>
    <item name="foodMRE03" count="1" loot_prob_template="veryLow"/>
    <item name="foodMRE04" count="1" loot_prob_template="veryLow"/>
    <item name="foodMRE05" count="1" loot_prob_template="veryLow"/>
    <item name="foodMRE06" count="1" loot_prob_template="veryLow"/>    
  </append>

  <append xpath="/lootcontainers/lootgroup[@name='groupAmmoMunitions']">
    <item name="foodMRE" count="1" loot_prob_template="veryLow"/>
    <item name="foodMRE02" count="1" loot_prob_template="veryLow"/>
    <item name="foodMRE03" count="1" loot_prob_template="veryLow"/>
    <item name="foodMRE04" count="1" loot_prob_template="veryLow"/>
    <item name="foodMRE05" count="1" loot_prob_template="veryLow"/>
    <item name="foodMRE06" count="1" loot_prob_template="veryLow"/>
  </append>


  <!-- End Zed strong and treasure maps, Military -->
	
</MoreCookedFoods>