<configs>
	<append xpath="/items">


<!-- Only add the foodCrumbs item to things that it makes sense to have them on. Same with the foodChickenBones item. And if you can't do that then you need to be fired. Effective immediately. -->
<!-- Leave the UnlockedBy properties alone. They don't work right with this mod for some reason. I'll figure it out one day, but not right now. -->


<item name="gunShotgunT3AutoShotgun">
	<property name="Tags" value="weapon,ranged,holdBreathAiming,reloadPenalty,gun,shotgun,shortRange,barrelAttachments,sideAttachments,smallTopAttachments,stock,magazine,drumMagazine,firingMode,bottomAttachments,attStrength,perkBoomstick,attachmentsIncluded,canHaveCosmetic,noScopes"/>
	<property name="DisplayType" value="rangedShotgun"/>
	<property name="HoldType" value="76"/>
	<property name="Meshfile" value="#Other/Items?Weapons/Ranged/Auto Shotgun/autoShotgunPrefab.prefab"/>
	<property name="Material" value="MShotgunParts"/> <property name="Weight" value="6"/>
	<property name="RepairTools" value="resourceRepairKit"/>
	<property name="DegradationBreaksAfter" value="false"/>
	<property name="SoundJammed" value="weapon_jam"/>
	<property name="Attachments" value="meleeToolFlashlight02"/>
	<property name="CrosshairOnAim" value="true"/> <!-- aimTest -->
	<property name="CrosshairUpAfterShot" value="true"/> <!-- aimTest -->
	<property name="Sound_Sight_In" value="rifle_sight_in"/>
	<property name="Sound_Sight_Out" value="rifle_sight_out"/>
	<property name="LightSource" value="lightSource"/> <!-- Start: Needed for the attachment flashlight -->
	<property name="ActivateObject" value="Attachments/flashlight/lightSource"/>
	<property name="AttachmentFlashlight" value="meleeToolFlashlight02"/> <!-- End: Needed for the attachment flashlight -->
	<property name="Group" value="Ammo/Weapons"/>
	<property name="RepairExpMultiplier" value="10.8"/>
	<property name="PickupJournalEntry" value="alternateAmmoTip"/>
	<property name="LightValue" value=".45"/>
	<property name="EconomicValue" value="1500"/>
	<property name="UnlockedBy" value="gunShotgunT3AutoShotgunSchematic"/>
	<property name="ShowQuality" value="true"/>

	<property class="Action0">
		<property name="Class" value="Ranged"/>
		<property name="Delay" value=".8"/> <!-- obsolete if rounds per minute exists -->
		<property name="Magazine_items" value="ammoShotgunShell,ammoShotgunSlug,ammoShotgunBreachingSlug"/>
		<property name="Reload_time" value="2.6"/>
		<property name="Sound_start" value="autoshotgun_fire"/>
		<property name="Sound_loop" value="autoshotgun_fire"/>
		<property name="Sound_repeat" value=""/>
		<property name="Sound_end" value=""/>
		<property name="Sound_empty" value="dryfire"/>
		<property name="Particles_muzzle_fire" value="gunfire_autoshotgun"/>
		<property name="Particles_muzzle_fire_fpv" value="gunfire_autoshotgun_fpv"/>
		<property name="ScopeOffset" value="-.00062,.088,.065"/>
		<property name="SideOffset" value="0,0,0"/>
		<property name="BarrelOffset" value="0,0,0"/>
		<requirement name="CVarCompare" cvar="_underwater" operation="LT" value=".98"/>
	</property>
	<property class="Action1">
		<property name="Class" value="Zoom"/>
		<property name="Zoom_max_out" value="55"/>
		<property name="Zoom_max_in" value="55"/>
		<property name="ScopeCameraOffset" value="0.001,.0241,0.05"/>
	</property>

	<effect_group name="gunShotgunT3AutoShotgun">
		<passive_effect name="RoundsPerMinute" operation="base_set" value="290" tags="perkBoomstick"/>
		<passive_effect name="BurstRoundCount" operation="base_set" value="41" tags="perkBoomstick"/>

		<passive_effect name="MagazineSize" operation="base_set" value="16" tags="perkBoomstick"/>
		<passive_effect name="ReloadSpeedMultiplier" operation="base_set" value="1" tags="perkBoomstick"/> <!-- 2.3s -->
		<passive_effect name="ModSlots" operation="base_set" value="1,1,2,2,3,4" tier="1,2,3,4,5,6"/>
		<passive_effect name="ModPowerBonus" operation="perc_add" value=".10" tags="EntityDamage,BlockDamage"/>
		<passive_effect name="ModPowerBonus" operation="base_add" value="300" tags="EconomicValue"/>
		<passive_effect name="EntityDamage" operation="perc_add" value="-.15,.15" tags="perkBoomstick"/> <!-- random EntityDmg -->
		<passive_effect name="EntityDamage" operation="perc_add" value=".1,.5" tier="2,6" tags="perkBoomstick"/> <!-- tier bonus -->
		<passive_effect name="BlockDamage" operation="perc_add" value="-.15,.15" tags="perkBoomstick"/> <!-- random BlockDmg -->
		<passive_effect name="BlockDamage" operation="perc_add" value=".1,.5" tier="2,6" tags="perkBoomstick"/> <!-- tier bonus -->

		<passive_effect name="DegradationMax" operation="perc_add" value="-.2,.2" tags="perkBoomstick"/> <!-- random DegMax -->
		<passive_effect name="RoundsPerMinute" operation="perc_add" value="-.05,.05" tags="perkBoomstick"/> <!-- random APM -->
		<passive_effect name="MagazineSize" operation="perc_add" value="-.122,.24"/> <!-- random MagazineSize -->
		<passive_effect name="WeaponHandling" operation="perc_add" value="-.085,.085" tags="perkBoomstick"/> <!-- random WeaponHandling -->

		<passive_effect name="KickDegreesVerticalMin" operation="base_set" value="1.2" tags="perkBoomstick"/>
		<passive_effect name="KickDegreesVerticalMax" operation="base_set" value="1.2" tags="perkBoomstick"/>
		<passive_effect name="KickDegreesHorizontalMin" operation="base_set" value="-2.5" tags="perkBoomstick"/>
		<passive_effect name="KickDegreesHorizontalMax" operation="base_set" value="2.5" tags="perkBoomstick"/>

		<passive_effect name="IncrementalSpreadMultiplier" operation="base_set" value="2" tags="perkBoomstick"/>
		<passive_effect name="WeaponHandling" operation="base_set" value="1.7" tags="perkBoomstick"/>

		<passive_effect name="DegradationMax" operation="base_set" value="160,500" tier="1,6" tags="perkBoomstick"/>
		<passive_effect name="DegradationPerUse" operation="base_set" value="1" tags="perkBoomstick"/>
		<display_value name="dStatStunEffect" value="4"/>
	</effect_group>
</item>



	</append>
</configs>
