<configs>
	<append xpath="/recipes">

<recipe name="rocketBootsMod" count="1" craft_area="workbench">
	<ingredient name="armorMilitarySetParts" count="24"/>
	<ingredient name="resourceGunPowder" count="1500"/>
	<ingredient name="resourceDuctTape" count="15"/>
	<ingredient name="resourceMetalPipe" count="12"/>
	<ingredient name="resourceLeather" count="25"/>
	<effect_group>
		<passive_effect name="CraftingIngredientCount" level="2,6" operation="perc_add" value=".5,2.5" tags="armorMilitarySetParts,resourceMilitaryFiber,resourceLeather,resourceDuctTape"/>
	</effect_group>
</recipe>

<recipe name="rocketBootsPrimitiveMod" count="1" craft_area="workbench">
	<ingredient name="armorMilitarySetParts" count="24"/>
	<ingredient name="resourceGunPowder" count="750"/>
	<ingredient name="resourceDuctTape" count="8"/>
	<ingredient name="resourceMetalPipe" count="10"/>
	<ingredient name="resourceLeather" count="20"/>
	<effect_group>
		<passive_effect name="CraftingIngredientCount" level="2,6" operation="perc_add" value=".5,2.5" tags="armorMilitarySetParts,resourceMilitaryFiber,resourceLeather,resourceDuctTape"/>
	</effect_group>
</recipe>

	</append>
</configs>
