<configs>
	<append xpath="/blocks">


<block name="cntHardenedChestSecure">
	<property name="Group" value="Building,advBuilding"/>
	<property name="Tags" value="safes,door,hardenedSafe"/>
	<property name="Class" value="SecureLoot"/>
	<property name="DisplayType" value="blockHardenedMulti"/>
	<property name="Material" value="Mmetal_hard"/><property name="MaxDamage" value="10000"/>
	<property name="Shape" value="ModelEntity"/>
	<property name="Model" value="#Entities/LootContainers?super_chestPrefab.prefab"/>
	<property name="ModelOffset" value=".5,.5,0"/>
	<property name="MultiBlockDim" value="2,1,1"/>
	<property name="AllowAllRotations" value="true"/>
	<property name="ImposterExchange" value="imposterBlock" param1="115"/>
	<property name="Path" value="solid"/>
	<property name="Place" value="TowardsPlacerInverted"/>
	<property name="LootList" value="121"/>
	<property name="DowngradeBlock" value="cntHardenedChestInsecure"/>
		<property name="LockPickItem" value="resourceLockPick"/>
		<property name="LockPickTime" value="15"/>
		<property name="LockPickBreakChance" value="0.75"/>
	<property class="RepairItems"> <property name="resourceForgedIron" value="60"/> </property>
	<drop event="Destroy" count="0"/>
	<drop event="Fall" name="scrapMetalPile" count="1" prob="0.75" stick_chance="1"/>
	<property name="EconomicValue" value="690"/>
	<property name="FilterTags" value="floot,ffurniture"/>
</block>


<block name="cntWeaponsBagSmall">
	<property name="Class" value="Loot"/>
	<property name="Shape" value="ModelEntity"/>
	<property name="Model" value="#Entities/LootContainers?weapon_bags_smallPrefab.prefab"/>
	<property name="Place" value="TowardsPlacerInverted"/>
	<property name="DisplayType" value="blockHardened"/>
	<property name="Material" value="Mcloth"/>
	<property name="MaxDamage" value="500"/>
	<property name="LightOpacity" value="0"/>
	<property name="StabilitySupport" value="false"/>
	<property name="IsTerrainDecoration" value="true"/>
	<property name="Collide" value="melee,bullet,arrow,rocket"/>
	<property name="LootList" value="100"/>
	<drop event="Harvest" name="resourceCloth" count="6" tag="allHarvest"/>
	<drop event="Destroy" count="0"/>
	<property name="FilterTags" value="floot"/>
	<property name="DescriptionKey" value="cntWeaponsBagSmallDesc"/>
</block>

<block name="cntWeaponsBagLarge">
	<property name="Extends" value="cntWeaponsBagSmall"/>
	<property name="Model" value="#Entities/LootContainers?weapon_bags_largePrefab.prefab"/>
	<property name="LootList" value="101"/>
</block>

		</append>
</configs>
