<configs>
	<append xpath="/recipes">

<recipe name="cntHardenedChestSecure" count="10" craft_area="workbench">
	<ingredient name="resourceForgedIron" count="64"/>
	<ingredient name="resourceForgedSteel" count="24"/>
	<ingredient name="resourceMechanicalParts" count="5"/>
	<ingredient name="resourceScrapPolymers" count="5"/>
</recipe>

<recipe name="cntWeaponsBagSmall" count="10" craft_area="workbench">
	<ingredient name="resourceCloth" count="64"/>
	<ingredient name="resourceLeather" count="24"/>
	<ingredient name="resourceScrapPolymers" count="5"/>
	<ingredient name="resourceMilitaryFiber" count="5"/>
</recipe>

<recipe name="cntWeaponsBagLarge" count="10" craft_area="workbench">
	<ingredient name="resourceCloth" count="72"/>
	<ingredient name="resourceLeather" count="34"/>
	<ingredient name="resourceScrapPolymers" count="10"/>
	<ingredient name="resourceMilitaryFiber" count="10"/>
</recipe>

	</append>
</configs>


<!-- resourceMilitaryFiber -->